{
    "avg_prec": 3.894285714285688, 
    "avg_rec": 1.0162584232620393, 
    "f1_score": 1.6118786630877289, 
    "neighbors": 1, 
    "recommended_artists": 7
}