{
    "avg_prec": 3.060799999999952, 
    "avg_rec": 5.143888900565728, 
    "f1_score": 3.8379066745031176, 
    "neighbors": 1, 
    "recommended_artists": 50
}