{
    "avg_prec": 3.229999999999955, 
    "avg_rec": 3.2646060598123747, 
    "f1_score": 3.2472108319064157, 
    "neighbors": 1, 
    "recommended_artists": 30
}