{
    "avg_prec": 3.447999999999933, 
    "avg_rec": 2.371699195534384, 
    "f1_score": 2.8103235412845406, 
    "neighbors": 1, 
    "recommended_artists": 20
}