{
    "avg_prec": 3.8219999999999428, 
    "avg_rec": 1.348666207857936, 
    "f1_score": 1.9937865022497439, 
    "neighbors": 1, 
    "recommended_artists": 10
}