{
    "avg_prec": 0.39688073394496504, 
    "avg_rec": 1.4223466021488114, 
    "f1_score": 0.6205952957996326, 
    "neighbors": 1, 
    "recommended_artists": 100
}