{
    "avg_prec": 0.9473772204806419, 
    "avg_rec": 1.0168350533889672, 
    "f1_score": 0.9808780643337672, 
    "neighbors": 1, 
    "recommended_artists": 30
}