{
    "avg_prec": 0.9663799124924103, 
    "avg_rec": 1.749083439385319, 
    "f1_score": 1.244928678508063, 
    "neighbors": 1, 
    "recommended_artists": 50
}