{
    "avg_prec": 0.7149100091827603, 
    "avg_rec": 4.354173325068563, 
    "f1_score": 1.2281676534196677, 
    "neighbors": 10, 
    "recommended_artists": 100
}