{
    "avg_prec": 0.663312808290158, 
    "avg_rec": 11.728549393760167, 
    "f1_score": 1.2556138712158498, 
    "neighbors": 20, 
    "recommended_artists": 300
}