{
    "avg_prec": 0.7148218549127877, 
    "avg_rec": 4.349627870523109, 
    "f1_score": 1.2278566206203492, 
    "neighbors": 3, 
    "recommended_artists": 100
}