{
    "avg_prec": 2.341781718558042, 
    "avg_rec": 22.500693588457022, 
    "f1_score": 4.242066239304713, 
    "neighbors": 10, 
    "recommended_artists": 200
}