{
    "avg_prec": 5.763239332096531, 
    "avg_rec": 16.1780049084195, 
    "f1_score": 8.498853864530078, 
    "neighbors": 20, 
    "recommended_artists": 50
}