{
    "avg_prec": 3.713381760531283, 
    "avg_rec": 19.31494238172081, 
    "f1_score": 6.229177104068708, 
    "neighbors": 20, 
    "recommended_artists": 100
}