{
    "avg_prec": 1.5340000000000011, 
    "avg_rec": 0.6162335545977939, 
    "f1_score": 0.8792554378399484, 
    "neighbors": 5, 
    "recommended_artists": 10
}