{
    "avg_prec": 0.6733333333333338, 
    "avg_rec": 0.07536366092805644, 
    "f1_score": 0.13555514557648932, 
    "neighbors": 1, 
    "recommended_artists": 3
}