{
    "avg_prec": 0.38010030888247387, 
    "avg_rec": 4.6561993153545815, 
    "f1_score": 0.7028266505302486, 
    "neighbors": 20, 
    "recommended_artists": 200
}