{
    "avg_prec": 0.4349090909090767, 
    "avg_rec": 2.702787866064871, 
    "f1_score": 0.7492546475131864, 
    "neighbors": 2, 
    "recommended_artists": 100
}