{
    "avg_prec": 0.35156540192842367, 
    "avg_rec": 6.329854881957511, 
    "f1_score": 0.6661332115541494, 
    "neighbors": 5, 
    "recommended_artists": 300
}