{
    "avg_prec": 0.7089908256880865, 
    "avg_rec": 2.2210301447341596, 
    "f1_score": 1.074866024570652, 
    "neighbors": 2, 
    "recommended_artists": 50
}