{
    "avg_prec": 3.886666666666698, 
    "avg_rec": 0.631711911564393, 
    "f1_score": 1.0867852647153966, 
    "neighbors": 1, 
    "recommended_artists": 3
}