{
    "avg_prec": 3.600999999999847, 
    "avg_rec": 3.788471160589709, 
    "f1_score": 3.6923575051058286, 
    "neighbors": 1, 
    "recommended_artists": 20
}