{
    "avg_prec": 3.8142857142856488, 
    "avg_rec": 1.4000145464909137, 
    "f1_score": 2.0482347457593866, 
    "neighbors": 1, 
    "recommended_artists": 7
}