{
    "avg_prec": 0.9952599388379348, 
    "avg_rec": 18.129949521798387, 
    "f1_score": 1.8869348844872267, 
    "neighbors": 50, 
    "recommended_artists": 300
}