{
    "avg_prec": 3.716355449180296, 
    "avg_rec": 19.326651160498596, 
    "f1_score": 6.233969947702631, 
    "neighbors": 10, 
    "recommended_artists": 100
}