{
    "avg_prec": 2.4080000000000017, 
    "avg_rec": 21.157292093871018, 
    "f1_score": 4.323880999148908, 
    "neighbors": 1, 
    "recommended_artists": 50
}