{
    "avg_prec": 0.3520248380757328, 
    "avg_rec": 6.389400336502966, 
    "f1_score": 0.6672854954587709, 
    "neighbors": 2, 
    "recommended_artists": 300
}