{
    "avg_prec": 1.7074541042279368, 
    "avg_rec": 17.340470629606738, 
    "f1_score": 3.1087961717082453, 
    "neighbors": 1, 
    "recommended_artists": 100
}