{
    "avg_prec": 0.9904565377836526, 
    "avg_rec": 35.569103900305365, 
    "f1_score": 1.9272469952598226, 
    "neighbors": 1, 
    "recommended_artists": 300
}