{
    "avg_prec": 1.61593093955979, 
    "avg_rec": 21.647055050878052, 
    "f1_score": 3.0073650924645983, 
    "neighbors": 1, 
    "recommended_artists": 30
}