{
    "avg_prec": 5.400000000000002, 
    "avg_rec": 0.006666666666666667, 
    "f1_score": 0.013316892725030827, 
    "neighbors": 20, 
    "recommended_artists": 50
}