{
    "avg_prec": 1.0973551665117025, 
    "avg_rec": 12.534674930637667, 
    "f1_score": 2.0180398954013903, 
    "neighbors": 20, 
    "recommended_artists": 300
}