{
    "avg_prec": 3.7749924173407137, 
    "avg_rec": 2.96533453510658, 
    "f1_score": 3.321534834698635, 
    "neighbors": 20, 
    "recommended_artists": 50
}