{
    "avg_prec": 9.273333333333332, 
    "avg_rec": 0.49053335553335564, 
    "f1_score": 0.9317782517793297, 
    "neighbors": 2, 
    "recommended_artists": 200
}