{
    "avg_prec": 2.0638095238095238, 
    "avg_rec": 3.742135981438139, 
    "f1_score": 2.6603955792908844, 
    "neighbors": 2, 
    "recommended_artists": 15
}