{
    "avg_prec": 1.3600000000000003, 
    "avg_rec": 0.9870963147785778, 
    "f1_score": 1.1439249251477874, 
    "neighbors": 2, 
    "recommended_artists": 5
}