{
    "avg_prec": 14.173333333333318, 
    "avg_rec": 0.2865829432005903, 
    "f1_score": 0.561806237871708, 
    "neighbors": 3, 
    "recommended_artists": 100
}