{
    "avg_prec": 10.399999999999995, 
    "avg_rec": 0.016666666666666666, 
    "f1_score": 0.03328, 
    "neighbors": 3, 
    "recommended_artists": 100
}