{
    "avg_prec": 36.70333333333332, 
    "avg_rec": 0.2604848746025217, 
    "f1_score": 0.5172984634349969, 
    "neighbors": 5, 
    "recommended_artists": 20
}