{
    "avg_prec": 3.32904761904762, 
    "avg_rec": 0.5596311694841107, 
    "f1_score": 0.9581860131056756, 
    "neighbors": 5, 
    "recommended_artists": 300
}