{
    "avg_prec": 3.073636363636355, 
    "avg_rec": 3.217375059773575, 
    "f1_score": 3.1438636217947207, 
    "neighbors": 30, 
    "recommended_artists": 30
}