{
    "avg_prec": 0.6817692186709712, 
    "avg_rec": 7.8890708638592635, 
    "f1_score": 1.2550754948412093, 
    "neighbors": 1, 
    "recommended_artists": 200
}