{
    "avg_prec": 0.030545454545454587, 
    "avg_rec": 0.046333870664343135, 
    "f1_score": 0.03681845896619021, 
    "neighbors": 10, 
    "recommended_artists": 50
}