{
    "avg_prec": 0.02969696969696965, 
    "avg_rec": 0.026034479547691416, 
    "f1_score": 0.027745381133372677, 
    "neighbors": 10, 
    "recommended_artists": 30
}