{
    "avg_prec": 0.030242424242424074, 
    "avg_rec": 0.2851923105728392, 
    "f1_score": 0.05468584080996793, 
    "neighbors": 1, 
    "recommended_artists": 300
}