{
    "avg_prec": 0.030666666666666512, 
    "avg_rec": 0.28018523969074904, 
    "f1_score": 0.05528257781142146, 
    "neighbors": 20, 
    "recommended_artists": 300
}