{
    "avg_prec": 0.03136363636363624, 
    "avg_rec": 0.09493029383743407, 
    "f1_score": 0.04714968029057644, 
    "neighbors": 20, 
    "recommended_artists": 100
}