{
    "avg_prec": 0.029727272727272613, 
    "avg_rec": 0.09019753951633566, 
    "f1_score": 0.04471679890704131, 
    "neighbors": 2, 
    "recommended_artists": 100
}