{
    "avg_prec": 0.027090909090909127, 
    "avg_rec": 0.038892410769807644, 
    "f1_score": 0.03193627621996734, 
    "neighbors": 2, 
    "recommended_artists": 50
}