{
    "avg_prec": 0.03199999999999987, 
    "avg_rec": 0.30938947341828354, 
    "f1_score": 0.05800098667514922, 
    "neighbors": 50, 
    "recommended_artists": 300
}