{
    "avg_prec": 0.034242424242424185, 
    "avg_rec": 0.03365548185888552, 
    "f1_score": 0.03394641614354405, 
    "neighbors": 50, 
    "recommended_artists": 30
}