{
    "avg_prec": 0.024999999999999984, 
    "avg_rec": 0.014667407278530747, 
    "f1_score": 0.018487983315296243, 
    "neighbors": 5, 
    "recommended_artists": 20
}