{
    "avg_prec": 0.02986363636363637, 
    "avg_rec": 0.17473193100259368, 
    "f1_score": 0.05100922679558255, 
    "neighbors": 10, 
    "recommended_artists": 200
}