{
    "avg_prec": 0.032484848484848346, 
    "avg_rec": 0.29422936002027283, 
    "f1_score": 0.058509828659029005, 
    "neighbors": 10, 
    "recommended_artists": 300
}