{
    "avg_prec": 0.03454545454545453, 
    "avg_rec": 0.01006482867267584, 
    "f1_score": 0.015588068774170075, 
    "neighbors": 10, 
    "recommended_artists": 10
}