{
    "avg_prec": 0.03272727272727271, 
    "avg_rec": 0.016070686748772513, 
    "f1_score": 0.021556218898859197, 
    "neighbors": 10, 
    "recommended_artists": 20
}