{
    "avg_prec": 0.030090909090908998, 
    "avg_rec": 0.08894950305637697, 
    "f1_score": 0.044969122029572796, 
    "neighbors": 10, 
    "recommended_artists": 100
}