{
    "avg_prec": 0.032272727272727175, 
    "avg_rec": 0.105460781428739, 
    "f1_score": 0.0494216268663481, 
    "neighbors": 1, 
    "recommended_artists": 100
}