{
    "avg_prec": 0.02545454545454545, 
    "avg_rec": 0.007003238028076376, 
    "f1_score": 0.010984375492560393, 
    "neighbors": 1, 
    "recommended_artists": 10
}