{
    "avg_prec": 0.033636363636363624, 
    "avg_rec": 0.01975395275362112, 
    "f1_score": 0.024890324051385016, 
    "neighbors": 1, 
    "recommended_artists": 20
}