{
    "avg_prec": 0.033636363636363596, 
    "avg_rec": 0.02793765604854207, 
    "f1_score": 0.03052330066496466, 
    "neighbors": 20, 
    "recommended_artists": 30
}