{
    "avg_prec": 0.03095454545454546, 
    "avg_rec": 0.19606325133445388, 
    "f1_score": 0.05346760396092799, 
    "neighbors": 20, 
    "recommended_artists": 200
}