{
    "avg_prec": 0.03545454545454544, 
    "avg_rec": 0.012610602692432568, 
    "f1_score": 0.018604049029490997, 
    "neighbors": 20, 
    "recommended_artists": 10
}