{
    "avg_prec": 0.037272727272727284, 
    "avg_rec": 0.023900553654510215, 
    "f1_score": 0.029125095287642067, 
    "neighbors": 20, 
    "recommended_artists": 20
}