{
    "avg_prec": 0.027272727272727254, 
    "avg_rec": 0.013929352463366433, 
    "f1_score": 0.018440400739591464, 
    "neighbors": 2, 
    "recommended_artists": 20
}