{
    "avg_prec": 0.032772727272727245, 
    "avg_rec": 0.20321998041298803, 
    "f1_score": 0.05644304063253871, 
    "neighbors": 3, 
    "recommended_artists": 200
}