{
    "avg_prec": 0.027272727272727264, 
    "avg_rec": 0.008187843621656055, 
    "f1_score": 0.012594542073801458, 
    "neighbors": 3, 
    "recommended_artists": 10
}