{
    "avg_prec": 0.037272727272727256, 
    "avg_rec": 0.009343518468972837, 
    "f1_score": 0.01494150419540043, 
    "neighbors": 50, 
    "recommended_artists": 10
}