{
    "avg_prec": 0.029272727272727183, 
    "avg_rec": 0.09791835078898005, 
    "f1_score": 0.045071355968072366, 
    "neighbors": 50, 
    "recommended_artists": 100
}