{
    "avg_prec": 0.03259090909090911, 
    "avg_rec": 0.18591619735557258, 
    "f1_score": 0.055459778723737196, 
    "neighbors": 50, 
    "recommended_artists": 200
}