{
    "avg_prec": 0.027272727272727254, 
    "avg_rec": 0.01698117517554901, 
    "f1_score": 0.02093026529691705, 
    "neighbors": 50, 
    "recommended_artists": 20
}