{
    "avg_prec": 0.02618181818181822, 
    "avg_rec": 0.04350117992445837, 
    "f1_score": 0.03268917854939831, 
    "neighbors": 5, 
    "recommended_artists": 50
}