{
    "avg_prec": 0.030909090909090896, 
    "avg_rec": 0.012180353473697971, 
    "f1_score": 0.017474518792995615, 
    "neighbors": 5, 
    "recommended_artists": 10
}