{
    "avg_prec": 0.03081818181818169, 
    "avg_rec": 0.09688775766702683, 
    "f1_score": 0.04676218731524543, 
    "neighbors": 10, 
    "recommended_artists": 100
}