{
    "avg_prec": 0.03327272727272715, 
    "avg_rec": 0.10770916682344715, 
    "f1_score": 0.05084025513296715, 
    "neighbors": 10, 
    "recommended_artists": 100
}