{
    "avg_prec": 0.02636363636363636, 
    "avg_rec": 0.007141651099157778, 
    "f1_score": 0.01123881672844828, 
    "neighbors": 10, 
    "recommended_artists": 10
}