{
    "avg_prec": 0.033030303030302986, 
    "avg_rec": 0.03337202172109165, 
    "f1_score": 0.03320028310178581, 
    "neighbors": 10, 
    "recommended_artists": 30
}