{
    "avg_prec": 0.030363636363636374, 
    "avg_rec": 0.19616925814679811, 
    "f1_score": 0.05258761234624429, 
    "neighbors": 10, 
    "recommended_artists": 200
}