{
    "avg_prec": 0.022727272727272724, 
    "avg_rec": 0.008345845141775048, 
    "f1_score": 0.01220851409093041, 
    "neighbors": 10, 
    "recommended_artists": 10
}