{
    "avg_prec": 0.031757575757575644, 
    "avg_rec": 0.28639938784405133, 
    "f1_score": 0.05717523924932402, 
    "neighbors": 10, 
    "recommended_artists": 300
}