{
    "avg_prec": 0.032499999999999994, 
    "avg_rec": 0.19682608451756634, 
    "f1_score": 0.05578822627419784, 
    "neighbors": 10, 
    "recommended_artists": 200
}