{
    "avg_prec": 0.027727272727272708, 
    "avg_rec": 0.027626917079343394, 
    "f1_score": 0.02767700393227129, 
    "neighbors": 10, 
    "recommended_artists": 20
}