{
    "avg_prec": 0.03200000000000004, 
    "avg_rec": 0.052043370946355846, 
    "f1_score": 0.0396316295153461, 
    "neighbors": 10, 
    "recommended_artists": 50
}