{
    "avg_prec": 0.02909090909090907, 
    "avg_rec": 0.01995436514189548, 
    "f1_score": 0.023671623062163152, 
    "neighbors": 10, 
    "recommended_artists": 20
}