{
    "avg_prec": 0.031090909090909058, 
    "avg_rec": 0.2038354836142365, 
    "f1_score": 0.053952477774651515, 
    "neighbors": 1, 
    "recommended_artists": 200
}