{
    "avg_prec": 0.029393939393939347, 
    "avg_rec": 0.024227240396267273, 
    "f1_score": 0.02656166979825922, 
    "neighbors": 1, 
    "recommended_artists": 30
}