{
    "avg_prec": 0.037727272727272734, 
    "avg_rec": 0.02285507288977352, 
    "f1_score": 0.028465704301537182, 
    "neighbors": 1, 
    "recommended_artists": 20
}