{
    "avg_prec": 0.030000000000000044, 
    "avg_rec": 0.06019195146537179, 
    "f1_score": 0.040042565098604314, 
    "neighbors": 1, 
    "recommended_artists": 50
}