{
    "avg_prec": 0.02972727272727264, 
    "avg_rec": 0.09284262187582648, 
    "f1_score": 0.04503484236736805, 
    "neighbors": 1, 
    "recommended_artists": 100
}