{
    "avg_prec": 0.031060606060605917, 
    "avg_rec": 0.3310783978602042, 
    "f1_score": 0.05679308541623468, 
    "neighbors": 1, 
    "recommended_artists": 300
}