{
    "avg_prec": 0.03545454545454544, 
    "avg_rec": 0.009159428800049647, 
    "f1_score": 0.014557922272328624, 
    "neighbors": 1, 
    "recommended_artists": 10
}