{
    "avg_prec": 0.033333333333333305, 
    "avg_rec": 0.03302434713812401, 
    "f1_score": 0.03317812085804583, 
    "neighbors": 1, 
    "recommended_artists": 30
}