{
    "avg_prec": 0.03268181818181816, 
    "avg_rec": 0.20348324356655365, 
    "f1_score": 0.05631825740908582, 
    "neighbors": 1, 
    "recommended_artists": 200
}