{
    "avg_prec": 0.03227272727272713, 
    "avg_rec": 0.3250546035398023, 
    "f1_score": 0.058715903678178104, 
    "neighbors": 1, 
    "recommended_artists": 300
}