{
    "avg_prec": 0.031954545454545465, 
    "avg_rec": 0.22594610654086725, 
    "f1_score": 0.05599059231433147, 
    "neighbors": 20, 
    "recommended_artists": 200
}