{
    "avg_prec": 0.031212121212121156, 
    "avg_rec": 0.026460023349177804, 
    "f1_score": 0.028640289426805816, 
    "neighbors": 20, 
    "recommended_artists": 30
}