{
    "avg_prec": 0.0323636363636364, 
    "avg_rec": 0.0482612002089589, 
    "f1_score": 0.03874508155136645, 
    "neighbors": 20, 
    "recommended_artists": 50
}