{
    "avg_prec": 0.03018181818181817, 
    "avg_rec": 0.19227480748571582, 
    "f1_score": 0.05217379579559903, 
    "neighbors": 20, 
    "recommended_artists": 200
}