{
    "avg_prec": 0.032727272727272716, 
    "avg_rec": 0.010320815799974523, 
    "f1_score": 0.015692782885814736, 
    "neighbors": 20, 
    "recommended_artists": 10
}