{
    "avg_prec": 0.03227272727272719, 
    "avg_rec": 0.30314990374927725, 
    "f1_score": 0.05833520616450061, 
    "neighbors": 20, 
    "recommended_artists": 300
}