{
    "avg_prec": 0.029545454545454524, 
    "avg_rec": 0.021752421019170375, 
    "f1_score": 0.025056989569317942, 
    "neighbors": 20, 
    "recommended_artists": 20
}