{
    "avg_prec": 0.029909090909090757, 
    "avg_rec": 0.2955914338428152, 
    "f1_score": 0.054321700854348495, 
    "neighbors": 20, 
    "recommended_artists": 300
}