{
    "avg_prec": 0.030363636363636256, 
    "avg_rec": 0.09383532562749748, 
    "f1_score": 0.04588092621289585, 
    "neighbors": 20, 
    "recommended_artists": 100
}