{
    "avg_prec": 0.02999999999999998, 
    "avg_rec": 0.02831196951759824, 
    "f1_score": 0.029131551979962367, 
    "neighbors": 20, 
    "recommended_artists": 20
}