{
    "avg_prec": 0.02999999999999999, 
    "avg_rec": 0.00816350666881467, 
    "f1_score": 0.012834522895903826, 
    "neighbors": 20, 
    "recommended_artists": 10
}