{
    "avg_prec": 0.03121212121212115, 
    "avg_rec": 0.032130377545473904, 
    "f1_score": 0.031664593541798035, 
    "neighbors": 20, 
    "recommended_artists": 30
}