{
    "avg_prec": 0.0309090909090909, 
    "avg_rec": 0.00829043591167632, 
    "f1_score": 0.013074129105774747, 
    "neighbors": 2, 
    "recommended_artists": 10
}