{
    "avg_prec": 0.031454545454545325, 
    "avg_rec": 0.30901695639581445, 
    "f1_score": 0.05709721870025654, 
    "neighbors": 2, 
    "recommended_artists": 300
}