{
    "avg_prec": 0.03163636363636367, 
    "avg_rec": 0.04996893218755683, 
    "f1_score": 0.03874344901873301, 
    "neighbors": 2, 
    "recommended_artists": 50
}