{
    "avg_prec": 0.032727272727272716, 
    "avg_rec": 0.021062984517259818, 
    "f1_score": 0.02563044216773109, 
    "neighbors": 2, 
    "recommended_artists": 20
}