{
    "avg_prec": 0.033636363636363624, 
    "avg_rec": 0.009491263697691089, 
    "f1_score": 0.014804969196720228, 
    "neighbors": 2, 
    "recommended_artists": 10
}