{
    "avg_prec": 0.027090909090909124, 
    "avg_rec": 0.04835733303447536, 
    "f1_score": 0.034726961853893894, 
    "neighbors": 2, 
    "recommended_artists": 50
}