{
    "avg_prec": 0.03245454545454534, 
    "avg_rec": 0.11060716683565741, 
    "f1_score": 0.05018401172753412, 
    "neighbors": 2, 
    "recommended_artists": 100
}