{
    "avg_prec": 0.030454545454545436, 
    "avg_rec": 0.024533285710419208, 
    "f1_score": 0.027175105800257733, 
    "neighbors": 2, 
    "recommended_artists": 20
}