{
    "avg_prec": 0.03086363636363638, 
    "avg_rec": 0.22217341214966374, 
    "f1_score": 0.0541982246674452, 
    "neighbors": 2, 
    "recommended_artists": 200
}