{
    "avg_prec": 0.032121212121212064, 
    "avg_rec": 0.027240046918919084, 
    "f1_score": 0.029479944981720723, 
    "neighbors": 2, 
    "recommended_artists": 30
}