{
    "avg_prec": 0.030848484848484722, 
    "avg_rec": 0.28934991842787494, 
    "f1_score": 0.05575297367631564, 
    "neighbors": 3, 
    "recommended_artists": 300
}