{
    "avg_prec": 0.038181818181818164, 
    "avg_rec": 0.011018284549329894, 
    "f1_score": 0.017101514589794174, 
    "neighbors": 3, 
    "recommended_artists": 10
}