{
    "avg_prec": 0.029999999999999947, 
    "avg_rec": 0.025085414307052502, 
    "f1_score": 0.027323473506678336, 
    "neighbors": 3, 
    "recommended_artists": 30
}