{
    "avg_prec": 0.031484848484848366, 
    "avg_rec": 0.2790749280545268, 
    "f1_score": 0.056585768599061954, 
    "neighbors": 3, 
    "recommended_artists": 300
}