{
    "avg_prec": 0.02845454545454536, 
    "avg_rec": 0.08867920766697439, 
    "f1_score": 0.043084533333704066, 
    "neighbors": 3, 
    "recommended_artists": 100
}