{
    "avg_prec": 0.02863636363636362, 
    "avg_rec": 0.011704377189057558, 
    "f1_score": 0.016616987911724217, 
    "neighbors": 3, 
    "recommended_artists": 20
}