{
    "avg_prec": 0.023636363636363632, 
    "avg_rec": 0.008796626633260798, 
    "f1_score": 0.012821529199039288, 
    "neighbors": 3, 
    "recommended_artists": 10
}