{
    "avg_prec": 0.031515151515151454, 
    "avg_rec": 0.035148932221492665, 
    "f1_score": 0.03323300531459141, 
    "neighbors": 3, 
    "recommended_artists": 30
}