{
    "avg_prec": 0.029999999999999978, 
    "avg_rec": 0.017876332789983143, 
    "f1_score": 0.022403135430276677, 
    "neighbors": 3, 
    "recommended_artists": 20
}