{
    "avg_prec": 0.03072727272727277, 
    "avg_rec": 0.050942512348406604, 
    "f1_score": 0.03833301309392308, 
    "neighbors": 3, 
    "recommended_artists": 50
}