{
    "avg_prec": 0.03090909090909096, 
    "avg_rec": 0.04722316205000892, 
    "f1_score": 0.03736293153053027, 
    "neighbors": 3, 
    "recommended_artists": 50
}