{
    "avg_prec": 0.030363636363636412, 
    "avg_rec": 0.048666839730956125, 
    "f1_score": 0.03739575661392815, 
    "neighbors": 50, 
    "recommended_artists": 50
}