{
    "avg_prec": 0.03268181818181815, 
    "avg_rec": 0.21184323035951655, 
    "f1_score": 0.05662750690744387, 
    "neighbors": 50, 
    "recommended_artists": 200
}