{
    "avg_prec": 0.029545454545454524, 
    "avg_rec": 0.01434366174234449, 
    "f1_score": 0.01931184958224488, 
    "neighbors": 50, 
    "recommended_artists": 20
}