{
    "avg_prec": 0.03363636363636362, 
    "avg_rec": 0.00857291475732143, 
    "f1_score": 0.013663426107940928, 
    "neighbors": 50, 
    "recommended_artists": 10
}