{
    "avg_prec": 0.029818181818181824, 
    "avg_rec": 0.19708120891831474, 
    "f1_score": 0.05179919876733401, 
    "neighbors": 50, 
    "recommended_artists": 200
}