{
    "avg_prec": 0.0268181818181818, 
    "avg_rec": 0.015941566042537617, 
    "f1_score": 0.019996554609624576, 
    "neighbors": 50, 
    "recommended_artists": 20
}