{
    "avg_prec": 0.028181818181818176, 
    "avg_rec": 0.0073067910446606345, 
    "f1_score": 0.011604774670038237, 
    "neighbors": 50, 
    "recommended_artists": 10
}