{
    "avg_prec": 0.03199999999999987, 
    "avg_rec": 0.3065686210346246, 
    "f1_score": 0.057951004692219754, 
    "neighbors": 50, 
    "recommended_artists": 300
}