{
    "avg_prec": 0.02787878787878784, 
    "avg_rec": 0.024921243894856865, 
    "f1_score": 0.026317183868326748, 
    "neighbors": 50, 
    "recommended_artists": 30
}