{
    "avg_prec": 0.030272727272727156, 
    "avg_rec": 0.08865410077661952, 
    "f1_score": 0.04513365837531416, 
    "neighbors": 50, 
    "recommended_artists": 100
}