{
    "avg_prec": 0.029818181818181702, 
    "avg_rec": 0.09512735758988829, 
    "f1_score": 0.045404179419874034, 
    "neighbors": 50, 
    "recommended_artists": 100
}