{
    "avg_prec": 0.029090909090909084, 
    "avg_rec": 0.012530665370539382, 
    "f1_score": 0.01751632185277394, 
    "neighbors": 5, 
    "recommended_artists": 10
}