{
    "avg_prec": 0.030909090909090893, 
    "avg_rec": 0.008694916386366422, 
    "f1_score": 0.013571957960121393, 
    "neighbors": 5, 
    "recommended_artists": 10
}