{
    "avg_prec": 0.029090909090908994, 
    "avg_rec": 0.09725402290765543, 
    "f1_score": 0.044785459842012994, 
    "neighbors": 5, 
    "recommended_artists": 100
}