{
    "avg_prec": 0.030303030303030252, 
    "avg_rec": 0.03038913068446279, 
    "f1_score": 0.03034601942098554, 
    "neighbors": 5, 
    "recommended_artists": 30
}