{
    "avg_prec": 0.025454545454545424, 
    "avg_rec": 0.02140447390961926, 
    "f1_score": 0.023254483830692407, 
    "neighbors": 5, 
    "recommended_artists": 30
}