{
    "avg_prec": 0.6812431573003778, 
    "avg_rec": 8.152707227495627, 
    "f1_score": 1.2574161661047145, 
    "neighbors": 50, 
    "recommended_artists": 200
}